Betreiber,Adresse,Postleitzahl Ort,Längengrad [DG],Breitengrad [DG],Inbetriebnahmedatum,Anschlussleistung [kW],Art der Ladeeinrichtung,Anzahl Ladepunkte,Steckertypen 1,P1 [kW],Steckertypen 2,P2 [kW],Steckertypen 3,P3 [kW],Steckertypen 4,P4 [kW],
innogy SE,Boyenstr. 23,10115 Berlin,"13,368842","52,535955",7/14/09,44,Normalladeeinrichtung,2,AC Steckdose Typ 2,22,AC Steckdose Typ 2,22,,,,,
innogy SE,Anklamer Str. 8,10115 Berlin,"13,395824","52,534398",7/14/09,44,Normalladeeinrichtung,2,AC Steckdose Typ 2,22,AC Steckdose Typ 2,22,,,,,
innogy SE,Torstraße 165,10115 Berlin,"13,395841","52,529125",4/14/10,44,Normalladeeinrichtung,2,AC Steckdose Typ 2,22,AC Steckdose Typ 2,22,,,,,
innogy SE,Gartenstraße 13,10115 Berlin,"13,39135","52,530483",4/14/10,44,Normalladeeinrichtung,2,AC Steckdose Typ 2,22,AC Steckdose Typ 2,22,,,,,
Allego GmbH,Habersaathstr. 34,10115 Berlin,"13,37762","52,531847",12/21/16,22,Normalladeeinrichtung,2,AC Steckdose Typ 2,11,AC Steckdose Typ 2,11,,,,,
Allego GmbH,Kieler Str. 5,10115 Berlin,"13,370317","52,5343",1/26/17,22,Normalladeeinrichtung,2,AC Steckdose Typ 2,11,AC Steckdose Typ 2,11,,,,,
Allego GmbH,Borsigstr. 1,10115 Berlin,"13,391272","52,528091",3/13/17,22,Normalladeeinrichtung,2,AC Steckdose Typ 2,11,AC Steckdose Typ 2,11,,,,,
Allego GmbH,Anklamer Str. 12,10115 Berlin,"13,397123","52,534702",3/21/17,22,Normalladeeinrichtung,2,AC Steckdose Typ 2,11,AC Steckdose Typ 2,11,,,,,
innogy SE,Schumannstr. 6,10117 Berlin,"13,380581","52,523719",7/14/09,44,Normalladeeinrichtung,2,AC Steckdose Typ 2,22,AC Steckdose Typ 2,22,,,,,
innogy SE,Planckstr. 4,10117 Berlin,"13,390248","52,51897",7/17/09,44,Normalladeeinrichtung,2,AC Steckdose Typ 2,22,AC Steckdose Typ 2,22,,,,,
innogy SE,Luisenstr. 31,10117 Berlin,"13,38025","52,51983",7/17/09,44,Normalladeeinrichtung,2,AC Steckdose Typ 2,22,AC Steckdose Typ 2,22,,,,,
innogy SE,Behrensstraße 28,10117 Berlin,"13,389922","52,515846",4/14/10,44,Normalladeeinrichtung,2,AC Steckdose Typ 2,22,AC Steckdose Typ 2,22,,,,,
innogy SE,Krausenstraße 72,10117 Berlin,"13,389543","52,509467",7/13/10,44,Normalladeeinrichtung,2,AC Steckdose Typ 2,22,AC Steckdose Typ 2,22,,,,,
innogy SE,Neue Jüdenstraße 1,10117 Berlin,"13,41046","52,51579",9/13/10,44,Normalladeeinrichtung,2,AC Steckdose Typ 2,22,AC Steckdose Typ 2,22,,,,,
innogy SE,Reinhardtstraße 32,10117 Berlin,"13,380966","52,522819",3/13/12,44,Normalladeeinrichtung,2,AC Steckdose Typ 2,22,AC Steckdose Typ 2,22,,,,,
innogy SE,Platz vor dem Neuen Tor ,10117 Berlin,"13,378846","52,528677",4/7/16,44,Normalladeeinrichtung,2,AC Steckdose Typ 2,22,AC Steckdose Typ 2,22,,,,,
Allego GmbH,Voßstr. 24,10117 Berlin,"13,378211","52,510907",5/18/16,22,Normalladeeinrichtung,2,AC Steckdose Typ 2,11,AC Steckdose Typ 2,11,,,,,
Allego GmbH,Leipziger Str. 59 in Jerusalemer Str .,10117 Berlin,"13,396763","52,511309",12/12/16,22,Normalladeeinrichtung,2,AC Steckdose Typ 2,11,AC Steckdose Typ 2,11,,,,,
Allego GmbH,Taubenstr. 14,10117 Berlin,"13,390118","52,512969",1/19/17,22,Normalladeeinrichtung,2,AC Steckdose Typ 2,11,AC Steckdose Typ 2,11,,,,,
Allego GmbH,Mauerstr. 32,10117 Berlin,"13,38431","52,515197",2/27/17,22,Normalladeeinrichtung,2,AC Steckdose Typ 2,11,AC Steckdose Typ 2,11,,,,,
Allego GmbH,Dorotheenstr. 63,10117 Berlin,"13,387711","52,518608",7/12/17,22,Normalladeeinrichtung,2,AC Steckdose Typ 2,11,AC Steckdose Typ 2,11,,,,,
Allego GmbH,Jägerstr. 61,10117 Berlin,"13,390051","52,513886",5/17/17,22,Normalladeeinrichtung,2,AC Steckdose Typ 2,11,AC Steckdose Typ 2,11,,,,,
Allego GmbH,Neustädtische Kirchstr. 8,10117 Berlin,"13,385222","52,519615",4/27/17,22,Normalladeeinrichtung,2,AC Steckdose Typ 2,11,AC Steckdose Typ 2,11,,,,,
APCOA PARKING Deutschland GmbH,Unter den Linden 77,10117 Berlin,"13,3802425999999","52,5160186",12/1/16,11,Normalladeeinrichtung,1,AC Steckdose Typ 2,11,,,,,,,
innogy SE,Veteranenstraße 25,10119 Berlin,"13,403185","52,53382",7/16/10,44,Normalladeeinrichtung,2,AC Steckdose Typ 2,22,AC Steckdose Typ 2,22,,,,,
innogy SE,Jüdenstrasse 1,10178 Berlin,"13,409136","52,518744",7/14/09,44,Normalladeeinrichtung,2,AC Steckdose Typ 2,22,AC Steckdose Typ 2,22,,,,,
innogy SE,Mollstraße 4,10178 Berlin,"13,421389","52,524167",4/15/10,44,Normalladeeinrichtung,2,AC Steckdose Typ 2,22,AC Steckdose Typ 2,22,,,,,
Allego GmbH,Spandauer Str. 2,10178 Berlin,"13,403944","52,520978",4/14/16,22,Normalladeeinrichtung,2,AC Steckdose Typ 2,11,AC Steckdose Typ 2,11,,,,,
Allego GmbH,Alexanderstr. 4,10178 Berlin,"13,413833","52,522747",12/1/16,93,Schnellladeeinrichtung,2,"DC Kupplung Combo, DC CHAdeMO",50,AC Kupplung Typ 2,43,,,,,
Allego GmbH,Karl-Liebknecht-Str. 29,10178 Berlin,"13,41251","52,524215",4/27/17,22,Normalladeeinrichtung,2,AC Steckdose Typ 2,11,AC Steckdose Typ 2,11,,,,,
innogy SE,Voltairestraße 2,10179 Berlin,"13,417261","52,517707",4/13/10,44,Normalladeeinrichtung,2,AC Steckdose Typ 2,22,AC Steckdose Typ 2,22,,,,,
innogy SE,Alte Jakobstraße 76,10179 Berlin,"13,409065","52,510383",4/14/10,44,Normalladeeinrichtung,2,AC Steckdose Typ 2,22,AC Steckdose Typ 2,22,,,,,
Allego GmbH,Am Köllnischen Park 3,10179 Berlin,"13,415578","52,513388",10/14/16,22,Normalladeeinrichtung,2,AC Steckdose Typ 2,11,AC Steckdose Typ 2,11,,,,,
Allego GmbH,Heinrich-Heine-Str. 13,10179 Berlin,"13,414446","52,508218",12/12/16,22,Normalladeeinrichtung,2,AC Steckdose Typ 2,11,AC Steckdose Typ 2,11,,,,,
APCOA PARKING Deutschland GmbH,Gruner Straße 20,10179 Berlin,"13,4147947999999","52,5199025999999",12/1/16,11,Normalladeeinrichtung,4,AC Steckdose Typ 2,11,AC Steckdose Typ 2,11,AC Steckdose Typ 2,11,AC Steckdose Typ 2,11,
Allego GmbH,Andreasstr. 47,10243 Berlin,"13,432585","52,517177",7/6/16,22,Normalladeeinrichtung,2,AC Steckdose Typ 2,11,AC Steckdose Typ 2,11,,,,,
Allego GmbH,Friedrichsberger Str. 24,10243 Berlin,"13,434841","52,521066",10/6/16,22,Normalladeeinrichtung,2,AC Steckdose Typ 2,11,AC Steckdose Typ 2,11,,,,,
Allego GmbH,Koppenstr. 46,10243 Berlin,"13,437725","52,520102",10/10/15,22,Normalladeeinrichtung,2,AC Steckdose Typ 2,11,AC Steckdose Typ 2,11,,,,,
Allego GmbH,Kadinerstr. 1,10243 Berlin,"13,450787","52,515183",10/6/15,22,Normalladeeinrichtung,2,AC Steckdose Typ 2,11,AC Steckdose Typ 2,11,,,,,
Allego GmbH,Marchlewskistr. 107,10243 Berlin,"13,449488","52,507889",10/6/15,22,Normalladeeinrichtung,2,AC Steckdose Typ 2,11,AC Steckdose Typ 2,11,,,,,
Allego GmbH,Grünberger Str. 4,10243 Berlin,"13,448263","52,51305",3/30/17,22,Normalladeeinrichtung,2,AC Steckdose Typ 2,11,AC Steckdose Typ 2,11,,,,,
Allego GmbH,Wühlischstr. 54,10245 Berlin,"13,466975","52,507268",8/18/16,22,Normalladeeinrichtung,2,AC Steckdose Typ 2,11,AC Steckdose Typ 2,11,,,,,
Allego GmbH,Glasbläserallee 4,10245 Berlin,"13,46754","52,496249",10/30/17,22,Normalladeeinrichtung,2,AC Steckdose Typ 2,11,AC Steckdose Typ 2,11,,,,,
Allego GmbH,Markgrafendamm 6,10245 Berlin,"13,465531","52,498498",7/24/17,11,Normalladeeinrichtung,1,AC Steckdose Typ 2,11,,,,,,,
Allego GmbH,Rochowstr. 13,10245 Berlin,"13,458532","52,500352",10/30/17,11,Normalladeeinrichtung,1,AC Steckdose Typ 2,11,,,,,,,
Allego GmbH,Mainzer Str. 1,10247 Berlin,"13,463083","52,514612",2/17/16,22,Normalladeeinrichtung,2,AC Steckdose Typ 2,11,AC Steckdose Typ 2,11,,,,,
Allego GmbH,Scharnweberstr. 1 A,10247 Berlin,"13,474964","52,511975",9/10/15,22,Normalladeeinrichtung,2,AC Steckdose Typ 2,11,AC Steckdose Typ 2,11,,,,,
Allego GmbH,Gryphiusstr. 17,10247 Berlin,"13,465006","52,510496",1/5/18,22,Normalladeeinrichtung,2,AC Steckdose Typ 2,11,AC Steckdose Typ 2,11,,,,,
innogy SE,Hermann-Blankenstein-Straße 40,10249 Berlin,"13,466111","52,523056",5/23/12,44,Normalladeeinrichtung,2,AC Steckdose Typ 2,22,AC Steckdose Typ 2,22,,,,,
Allego GmbH,Kochhannstr. 9,10249 Berlin,"13,448454","52,524128",10/24/15,22,Normalladeeinrichtung,2,AC Steckdose Typ 2,11,AC Steckdose Typ 2,11,,,,,
Allego GmbH,Büschingstr. 1,10249 Berlin,"13,428995","52,525626",11/14/15,22,Normalladeeinrichtung,2,AC Steckdose Typ 2,11,AC Steckdose Typ 2,11,,,,,
innogy SE,Einbecker Straße 119,10315 Berlin,"13,513615","52,505603",9/29/11,44,Normalladeeinrichtung,2,AC Steckdose Typ 2,22,AC Steckdose Typ 2,22,,,,,
Allego GmbH,Rhinstr. 163,10315 Berlin,"13,51782","52,534426",3/14/16,22,Normalladeeinrichtung,2,AC Steckdose Typ 2,11,AC Steckdose Typ 2,11,,,,,
innogy SE,Stadthausstraße ,10317 Berlin,"13,481084","52,502977",9/29/11,44,Normalladeeinrichtung,2,AC Steckdose Typ 2,22,AC Steckdose Typ 2,22,,,,,
Allego GmbH,Weitlingstr. 52,10317 Berlin,"13,496068","52,504825",8/26/16,22,Normalladeeinrichtung,2,AC Steckdose Typ 2,11,AC Steckdose Typ 2,11,,,,,
Allego GmbH,Nöldnerstr. 9,10317 Berlin,"13,4779","52,501809",12/23/15,22,Normalladeeinrichtung,2,AC Steckdose Typ 2,11,AC Steckdose Typ 2,11,,,,,
innogy SE,Stolzenfelsstraße 1,10318 Berlin,"13,526469","52,481183",9/28/12,44,Normalladeeinrichtung,2,AC Steckdose Typ 2,22,AC Steckdose Typ 2,22,,,,,
Allego GmbH,Römerweg 38,10318 Berlin,"13,52497","52,491855",6/26/17,22,Normalladeeinrichtung,2,AC Steckdose Typ 2,11,AC Steckdose Typ 2,11,,,,,
Allego GmbH,Sewanstr. ggü. 43,10319 Berlin,"13,502235","52,498223",4/14/16,22,Normalladeeinrichtung,2,AC Steckdose Typ 2,11,AC Steckdose Typ 2,11,,,,,
innogy SE,Frankfurter Allee 248,10365 Berlin,"13,4975","52,511667",9/27/11,44,Normalladeeinrichtung,2,AC Steckdose Typ 2,22,AC Steckdose Typ 2,22,,,,,
innogy SE,Normannenstr. 1,10367 Berlin,"13,479989","52,516139",3/13/12,44,Normalladeeinrichtung,2,AC Steckdose Typ 2,22,AC Steckdose Typ 2,22,,,,,
Allego GmbH,Josef-Orlopp-Str. 4,10367 Berlin,"13,480103","52,523041",2/11/16,22,Normalladeeinrichtung,2,AC Steckdose Typ 2,11,AC Steckdose Typ 2,11,,,,,
innogy SE,Landsberger Allee 174,10369 Berlin,"13,468979","52,531126",12/23/11,44,Normalladeeinrichtung,2,AC Steckdose Typ 2,22,AC Steckdose Typ 2,22,,,,,
Allego GmbH,Chodowiekistr. ggü.1,10405 Berlin,"13,431859","52,535618",10/12/16,22,Normalladeeinrichtung,2,AC Steckdose Typ 2,11,AC Steckdose Typ 2,11,,,,,
Allego GmbH,Immanuelkirchstr. 14,10405 Berlin,"13,425677","52,53194",1/5/16,22,Normalladeeinrichtung,2,AC Steckdose Typ 2,11,AC Steckdose Typ 2,11,,,,,
Allego GmbH,Kollwitzstr. 35,10405 Berlin,"13,414964","52,5337",12/22/15,22,Normalladeeinrichtung,2,AC Steckdose Typ 2,11,AC Steckdose Typ 2,11,,,,,
Allego GmbH,John-Schehr-Str.66,10407 Berlin,"13,442525","52,533827",12/23/15,22,Normalladeeinrichtung,2,AC Steckdose Typ 2,11,AC Steckdose Typ 2,11,,,,,
Allego GmbH,Oderbruchstr. 13,10407 Berlin,"13,461713","52,530883",2/15/17,"3,7",Normalladeeinrichtung,1,AC Steckdose Typ 2,"3,7",,,,,,,
Allego GmbH,Naugarder Str. 1,10409 Berlin,"13,438961","52,542085",11/14/15,22,Normalladeeinrichtung,2,AC Steckdose Typ 2,11,AC Steckdose Typ 2,11,,,,,
Allego GmbH,Hosemannstr. 9,10409 Berlin,"13,438632","52,547015",6/6/17,22,Normalladeeinrichtung,2,AC Steckdose Typ 2,11,AC Steckdose Typ 2,11,,,,,
innogy SE,Griebenowstraße 5,10435 Berlin,"13,405008","52,535712",7/17/09,44,Normalladeeinrichtung,2,AC Steckdose Typ 2,22,AC Steckdose Typ 2,22,,,,,
Allego GmbH,Swinemünder Str. 126,10435 Berlin,"13,403331","52,535344",12/19/16,22,Normalladeeinrichtung,2,AC Steckdose Typ 2,11,AC Steckdose Typ 2,11,,,,,
Allego GmbH,Oderberger Str. 22,10435 Berlin,"13,406896","52,539697",3/31/17,22,Normalladeeinrichtung,2,AC Steckdose Typ 2,11,AC Steckdose Typ 2,11,,,,,
Allego GmbH,Raumerstr. ggü. 6,10437 Berlin,"13,417228","52,543283",12/22/15,22,Normalladeeinrichtung,2,AC Steckdose Typ 2,11,AC Steckdose Typ 2,11,,,,,
Allego GmbH,Gneiststr. 10,10437 Berlin,"13,415361","52,544174",8/29/17,22,Normalladeeinrichtung,2,AC Steckdose Typ 2,11,AC Steckdose Typ 2,11,,,,,
Allego GmbH,Kopenhagener Str. 77,10437 Berlin,"13,412197","52,548538",9/27/17,22,Normalladeeinrichtung,2,AC Steckdose Typ 2,11,AC Steckdose Typ 2,11,,,,,
Allego GmbH,Wichertstr. 34,10439 Berlin,"13,424988","52,546751",11/13/15,22,Normalladeeinrichtung,2,AC Steckdose Typ 2,11,AC Steckdose Typ 2,11,,,,,
Allego GmbH,Krügerstr. 25,10439 Berlin,"13,429248","52,55057",11/14/15,22,Normalladeeinrichtung,2,AC Steckdose Typ 2,11,AC Steckdose Typ 2,11,,,,,
Allego GmbH,Paul-Robeson-Str. 50,10439 Berlin,"13,413783","52,552103",11/14/15,22,Normalladeeinrichtung,2,AC Steckdose Typ 2,11,AC Steckdose Typ 2,11,,,,,
Allego GmbH,Schönfließer Str. 9,10439 Berlin,"13,408519","52,553752",11/14/15,22,Normalladeeinrichtung,2,AC Steckdose Typ 2,11,AC Steckdose Typ 2,11,,,,,
APCOA PARKING Deutschland GmbH,Schönhauser Allee 79-80,10439 Berlin,"13,4157814999999","52,5494582",12/1/16,11,Normalladeeinrichtung,2,AC Steckdose Typ 2,11,AC Steckdose Typ 2,11,,,,,
Allego GmbH,Birkenstr. 33,10551 Berlin,"13,341048","52,532441",4/7/17,22,Normalladeeinrichtung,2,AC Steckdose Typ 2,11,AC Steckdose Typ 2,11,,,,,
Allego GmbH,Erasmusstr. 20,10553 Berlin,"13,32721","52,526111",4/7/17,22,Normalladeeinrichtung,2,AC Steckdose Typ 2,11,AC Steckdose Typ 2,11,,,,,
Allego GmbH,Alt-Moabit 72,10555 Berlin,"13,332421","52,524128",12/12/16,22,Normalladeeinrichtung,2,AC Steckdose Typ 2,11,AC Steckdose Typ 2,11,,,,,
innogy SE,Friedrich-List-Ufer ,10557 Berlin,"13,370633","52,525956",7/17/09,44,Normalladeeinrichtung,2,AC Steckdose Typ 2,22,AC Steckdose Typ 2,22,,,,,
innogy SE,Alt-Moabit 5,10557 Berlin,"13,362537","52,523223",4/13/10,44,Normalladeeinrichtung,2,AC Steckdose Typ 2,22,AC Steckdose Typ 2,22,,,,,
innogy SE,Flensburger Straße 1,10557 Berlin,"13,345655","52,520314",4/13/10,44,Normalladeeinrichtung,2,AC Steckdose Typ 2,22,AC Steckdose Typ 2,22,,,,,
Allego GmbH,Clara-Jaschke-Str. 88,10557 Berlin,"13,366234","52,523427",1/10/17,22,Normalladeeinrichtung,2,AC Steckdose Typ 2,11,AC Steckdose Typ 2,11,,,,,
innogy SE,Otto-Suhr-Allee 84,10585 Berlin,"13,309385","52,516632",5/20/09,44,Normalladeeinrichtung,2,AC Steckdose Typ 2,22,AC Steckdose Typ 2,22,,,,,
innogy SE,Krumme Straße 73,10585 Berlin,"13,309261","52,5121",6/12/09,44,Normalladeeinrichtung,2,AC Steckdose Typ 2,22,AC Steckdose Typ 2,22,,,,,
Allego GmbH,Krumme Str. 85,10585 Berlin,"13,309838","52,513972",10/4/16,22,Normalladeeinrichtung,2,AC Steckdose Typ 2,11,AC Steckdose Typ 2,11,,,,,
innogy SE,Marchstraße 9,10587 Berlin,"13,322778","52,513661",5/20/09,44,Normalladeeinrichtung,2,AC Steckdose Typ 2,22,AC Steckdose Typ 2,22,,,,,
Allego GmbH,Wilmersdorfer Str. 8,10587 Berlin,"13,304447","52,517207",7/5/16,22,Normalladeeinrichtung,2,AC Steckdose Typ 2,11,AC Steckdose Typ 2,11,,,,,
Allego GmbH,Charlottenburger Ufer 1,10587 Berlin,"13,300289","52,52122",12/5/15,22,Normalladeeinrichtung,2,AC Steckdose Typ 2,11,AC Steckdose Typ 2,11,,,,,
Allego GmbH,Osnabrücker Str. 26,10589 Berlin,"13,301083","52,525864",11/7/15,22,Normalladeeinrichtung,2,AC Steckdose Typ 2,11,AC Steckdose Typ 2,11,,,,,
innogy SE,Savignyplatz (Nord) 6,10623 Berlin,"13,322375","52,506539",2/16/10,44,Normalladeeinrichtung,2,AC Steckdose Typ 2,22,AC Steckdose Typ 2,22,,,,,
innogy SE,Savignyplatz (Süd) 2,10623 Berlin,"13,322816","52,50553",5/20/09,44,Normalladeeinrichtung,2,AC Steckdose Typ 2,22,AC Steckdose Typ 2,22,,,,,
innogy SE,Straße des 17. Juni 115,10623 Berlin,"13,329802","52,513015",5/20/09,44,Normalladeeinrichtung,2,AC Steckdose Typ 2,22,AC Steckdose Typ 2,22,,,,,
innogy SE,Fasanenstr. 12,10623 Berlin,"13,327709","52,505217",11/20/14,44,Normalladeeinrichtung,2,AC Steckdose Typ 2,22,AC Steckdose Typ 2,22,,,,,
Allego GmbH,Fasanenstrstr. 88,10623 Berlin,"13,330307","52,510533",12/22/15,22,Normalladeeinrichtung,2,AC Steckdose Typ 2,11,AC Steckdose Typ 2,11,,,,,
Allego GmbH,Schillerstr. 29,10625 Berlin,"13,309893","52,510341",7/5/16,22,Normalladeeinrichtung,2,AC Steckdose Typ 2,11,AC Steckdose Typ 2,11,,,,,
Allego GmbH,Schlüterstr. 62,10625 Berlin,"13,317669","52,505876",11/7/15,22,Normalladeeinrichtung,2,AC Steckdose Typ 2,11,AC Steckdose Typ 2,11,,,,,
innogy SE,Kantstraße 111 a,10627 Berlin,"13,306286","52,506822",6/12/09,44,Normalladeeinrichtung,2,AC Steckdose Typ 2,22,AC Steckdose Typ 2,22,,,,,
innogy SE,Windscheid Str. 20,10627 Berlin,"13,299993","52,505012",6/12/09,44,Normalladeeinrichtung,2,AC Steckdose Typ 2,22,AC Steckdose Typ 2,22,,,,,
Allego GmbH,Suarezstr. 1,10627 Berlin,"13,296954","52,510481",12/23/15,22,Normalladeeinrichtung,2,AC Steckdose Typ 2,11,AC Steckdose Typ 2,11,,,,,
Allego GmbH,Pestalozzistr. 44,10627 Berlin,"13,414964","52,5337",12/22/15,22,Normalladeeinrichtung,2,AC Steckdose Typ 2,11,AC Steckdose Typ 2,11,,,,,
Allego GmbH,Leibnitzstr. 59,10629 Berlin,"13,313239","52,502757",8/18/16,22,Normalladeeinrichtung,2,AC Steckdose Typ 2,11,AC Steckdose Typ 2,11,,,,,
Allego GmbH,Dahlmannstr. 1a,10629 Berlin,"13,30371","52,503442",2/25/16,22,Normalladeeinrichtung,2,AC Steckdose Typ 2,11,AC Steckdose Typ 2,11,,,,,
Allego GmbH,Waitzstr.7,10629 Berlin,"13,305567","52,501687",11/20/15,22,Normalladeeinrichtung,2,AC Steckdose Typ 2,11,AC Steckdose Typ 2,11,,,,,
innogy SE,Schlüterstraße 46,10707 Berlin,"13,3168","52,500883",5/20/09,44,Normalladeeinrichtung,2,AC Steckdose Typ 2,22,AC Steckdose Typ 2,22,,,,,
innogy SE,Pommersche Straße 9,10707 Berlin,"13,315086","52,493249",5/20/09,44,Normalladeeinrichtung,2,AC Steckdose Typ 2,22,AC Steckdose Typ 2,22,,,,,
Allego GmbH,Fehrbelliner Platz 8,10707 Berlin,"13,31408","52,49067",8/17/16,22,Normalladeeinrichtung,2,AC Steckdose Typ 2,11,AC Steckdose Typ 2,11,,,,,
Allego GmbH,Wittelsbacher Str. 19,10707 Berlin,"13,308887","52,495371",11/13/15,22,Normalladeeinrichtung,2,AC Steckdose Typ 2,11,AC Steckdose Typ 2,11,,,,,
Allego GmbH,Düsseldorfer Str. 51,10707 Berlin,"13,313894","52,496709",8/3/17,22,Normalladeeinrichtung,2,AC Steckdose Typ 2,11,AC Steckdose Typ 2,11,,,,,
Allego GmbH,Lehniner Platz /Kurfürstendamm vor 90,10709 Berlin,"13,301795","52,499225",2/15/16,22,Normalladeeinrichtung,2,AC Steckdose Typ 2,11,AC Steckdose Typ 2,11,,,,,
Allego GmbH,Westfälische Str. 81,10709 Berlin,"13,305454","52,493295",3/15/18,22,Normalladeeinrichtung,2,AC Steckdose Typ 2,11,AC Steckdose Typ 2,11,,,,,
Allego GmbH,Bornstedter Str. ggü. 20,10711 Berlin,"13,287951","52,496901",8/23/16,22,Normalladeeinrichtung,2,AC Steckdose Typ 2,11,AC Steckdose Typ 2,11,,,,,
Allego GmbH,Aachener Str. 5,10713 Berlin,"13,318856","52,481323",11/7/15,22,Normalladeeinrichtung,2,AC Steckdose Typ 2,11,AC Steckdose Typ 2,11,,,,,
Allego GmbH,Rudolstädter Str. 123,10713 Berlin,"13,302828","52,487809",12/22/15,22,Normalladeeinrichtung,2,AC Steckdose Typ 2,11,AC Steckdose Typ 2,11,,,,,
Allego GmbH,Durlacher Str. 35,10715 Berlin,"13,329605","52,481311",11/13/15,22,Normalladeeinrichtung,2,AC Steckdose Typ 2,11,AC Steckdose Typ 2,11,,,,,
Allego GmbH,Detmolder Str. 11A,10715 Berlin,"13,323897","52,478824",3/27/18,11,Normalladeeinrichtung,1,AC Steckdose Typ 2,11,,,,,,,
Allego GmbH,Mainzer Str. 22,10715 Berlin,"13,323902","52,479959",2/8/18,22,Normalladeeinrichtung,2,AC Steckdose Typ 2,11,AC Steckdose Typ 2,11,,,,,
innogy SE,Güntzelstr.56/Ecke Bundesallee 14,10717 Berlin,"13,330553","52,49095",5/20/09,44,Normalladeeinrichtung,2,AC Steckdose Typ 2,22,AC Steckdose Typ 2,22,,,,,
Allego GmbH,Trautenaustr. Ggü. 21,10717 Berlin,"13,330154","52,493241",7/5/16,22,Normalladeeinrichtung,2,AC Steckdose Typ 2,11,AC Steckdose Typ 2,11,,,,,
innogy SE,Schaperstraße 17,10719 Berlin,"13,329086","52,499416",5/20/09,44,Normalladeeinrichtung,2,AC Steckdose Typ 2,22,AC Steckdose Typ 2,22,,,,,
Allego GmbH,Ludwigkirchstr. ggü. 6,10719 Berlin,"13,324219","52,497883",12/22/15,22,Normalladeeinrichtung,2,AC Steckdose Typ 2,11,AC Steckdose Typ 2,11,,,,,
Allego GmbH,Uhlandstr. 61,10719 Berlin,"13,323631","52,494521",11/20/15,22,Normalladeeinrichtung,2,AC Steckdose Typ 2,11,AC Steckdose Typ 2,11,,,,,
innogy SE,Motzstraße 43,10777 Berlin,"13,344862","52,496774",9/28/12,44,Normalladeeinrichtung,2,AC Steckdose Typ 2,22,AC Steckdose Typ 2,22,,,,,
Allego GmbH,Fuggerstr. 34,10777 Berlin,"13,342238","52,499237",6/22/16,22,Normalladeeinrichtung,2,AC Steckdose Typ 2,11,AC Steckdose Typ 2,11,,,,,
Allego GmbH,Eisenacher Str. 1,10777 Berlin,"13,349617","52,500134",8/4/16,22,Normalladeeinrichtung,2,AC Steckdose Typ 2,11,AC Steckdose Typ 2,11,,,,,
Allego GmbH,Eisenachstr. 102,10781 Berlin,"13,349851","52,494823",8/5/16,22,Normalladeeinrichtung,2,AC Steckdose Typ 2,11,AC Steckdose Typ 2,11,,,,,
Allego GmbH,Pallasstr. 2,10781 Berlin,"13,360266","52,494506",3/14/16,22,Normalladeeinrichtung,2,AC Steckdose Typ 2,11,AC Steckdose Typ 2,11,,,,,
Allego GmbH,Eisenacher Str. 32,10781 Berlin,"13,349171","52,491716",2/22/18,22,Normalladeeinrichtung,2,AC Steckdose Typ 2,11,AC Steckdose Typ 2,11,,,,,
Allego GmbH,Frobenstr. Ggü. 22,10783 Berlin,"13,359538","52,498649",3/4/16,22,Normalladeeinrichtung,2,AC Steckdose Typ 2,11,AC Steckdose Typ 2,11,,,,,
innogy SE,Bellevuestr. 3,10785 Berlin,"13,373844","52,510428",7/17/09,44,Normalladeeinrichtung,2,AC Steckdose Typ 2,22,AC Steckdose Typ 2,22,,,,,
innogy SE,Lützowplatz 11,10785 Berlin,"13,353095","52,504097",7/15/10,44,Normalladeeinrichtung,2,AC Steckdose Typ 2,22,AC Steckdose Typ 2,22,,,,,
Allego GmbH,Kurfürstenstr. 164,10785 Berlin,"13,366073","52,499244",12/12/16,22,Normalladeeinrichtung,2,AC Steckdose Typ 2,11,AC Steckdose Typ 2,11,,,,,
Allego GmbH,Einemstr. 25,10785 Berlin,"13,352832","52,503742",1/10/17,22,Normalladeeinrichtung,2,AC Steckdose Typ 2,11,AC Steckdose Typ 2,11,,,,,
Allego GmbH,Inge-Beisheim-Platz 1,10785 Berlin,"13,376732","52,511446",9/1/16,11,Normalladeeinrichtung,1,AC Steckdose Typ 2,11,,,,,,,
Allego GmbH,Inge-Beisheim-Platz 1,10785 Berlin,"13,376732","52,511446",9/1/16,11,Normalladeeinrichtung,1,AC Steckdose Typ 2,11,,,,,,,
Allego GmbH,Inge-Beisheim-Platz 1,10785 Berlin,"13,376732","52,511446",9/1/16,11,Normalladeeinrichtung,1,AC Steckdose Typ 2,11,,,,,,,
Allego GmbH,Lützowstr. 113,10785 Berlin,"13,370846","52,501842",7/12/17,22,Normalladeeinrichtung,2,AC Steckdose Typ 2,11,AC Steckdose Typ 2,11,,,,,
innogy SE,Stülerstraße 11,10787 Berlin,"13,349137","52,507832",4/13/10,44,Normalladeeinrichtung,2,AC Steckdose Typ 2,22,AC Steckdose Typ 2,22,,,,,
innogy SE,Burggrafenstraße 6,10787 Berlin,"13,343569","52,505073",5/23/12,44,Normalladeeinrichtung,2,AC Steckdose Typ 2,22,AC Steckdose Typ 2,22,,,,,
Allego GmbH,Keithstr. 1,10787 Berlin,"13,345728","52,501532",6/2/16,22,Normalladeeinrichtung,2,AC Steckdose Typ 2,11,AC Steckdose Typ 2,11,,,,,
Allego GmbH,Budapester Str. 11,10787 Berlin,"13,346073","52,506636",3/21/17,22,Normalladeeinrichtung,2,AC Steckdose Typ 2,11,AC Steckdose Typ 2,11,,,,,
innogy SE,Augsburger Str. 25,10789 Berlin,"13,335301","52,501585",5/20/09,44,Normalladeeinrichtung,2,AC Steckdose Typ 2,22,AC Steckdose Typ 2,22,,,,,
innogy SE,Bayreuther Straße 36,10789 Berlin,"13,343711","52,501225",12/23/11,44,Normalladeeinrichtung,2,AC Steckdose Typ 2,22,AC Steckdose Typ 2,22,,,,,
Allego GmbH,Apostel-Paulus-Str. 5,10823 Berlin,"13,349555","52,488368",10/19/16,22,Normalladeeinrichtung,2,AC Steckdose Typ 2,11,AC Steckdose Typ 2,11,,,,,
innogy SE,Grunewaldstraße 57,10825 Berlin,"13,340837","52,488661",5/23/12,44,Normalladeeinrichtung,2,AC Steckdose Typ 2,22,AC Steckdose Typ 2,22,,,,,
Allego GmbH,Fritz-Elsas-Str. 22,10825 Berlin,"13,346442","52,482535",6/2/16,22,Normalladeeinrichtung,2,AC Steckdose Typ 2,11,AC Steckdose Typ 2,11,,,,,
Allego GmbH,Badensche Str. 8,10825 Berlin,"13,337844","52,485822",10/28/16,22,Normalladeeinrichtung,2,AC Steckdose Typ 2,11,AC Steckdose Typ 2,11,,,,,
Allego GmbH,Berchtesgadener Str.13,10825 Berlin,"13,343806","52,488831",3/10/16,22,Normalladeeinrichtung,2,AC Steckdose Typ 2,11,AC Steckdose Typ 2,11,,,,,
Allego GmbH,Belziger Str. 19,10825 Berlin,"13,354516","52,487371",2/23/16,22,Normalladeeinrichtung,2,AC Steckdose Typ 2,11,AC Steckdose Typ 2,11,,,,,
Allego GmbH,Helmstr. 10,10827 Berlin,"13,359963","52,48853",2/15/16,22,Normalladeeinrichtung,2,AC Steckdose Typ 2,11,AC Steckdose Typ 2,11,,,,,
Allego GmbH,Großgörschenstr. Vor 1,10827 Berlin,"13,361049","52,491234",2/5/16,22,Normalladeeinrichtung,2,AC Steckdose Typ 2,11,AC Steckdose Typ 2,11,,,,,
Allego GmbH,Lotte-Laserstein-Straße DB Südkreuz,10829 Berlin,"13,3642","52,47574",9/18/15,93,Schnellladeeinrichtung,2,"DC Kupplung Combo, DC CHAdeMO",50,AC Kupplung Typ 2,43,,,,,
Allego GmbH,Leberstr. 6,10829 Berlin,"13,361404","52,485471",3/4/16,22,Normalladeeinrichtung,2,AC Steckdose Typ 2,11,AC Steckdose Typ 2,11,,,,,
Allego GmbH,Mehringdamm 10,10961 Berlin,"13,388703","52,497232",5/31/16,22,Normalladeeinrichtung,2,AC Steckdose Typ 2,11,AC Steckdose Typ 2,11,,,,,
Allego GmbH,Südstern 14,10961 Berlin,"13,407274","52,488685",2/25/16,22,Normalladeeinrichtung,2,AC Steckdose Typ 2,11,AC Steckdose Typ 2,11,,,,,
Allego GmbH,Blücherstr. 19,10961 Berlin,"13,398243","52,4948",12/5/15,22,Normalladeeinrichtung,2,AC Steckdose Typ 2,11,AC Steckdose Typ 2,11,,,,,
Allego GmbH,Solmsstr. 16,10961 Berlin,"13,390709","52,491988",10/10/15,22,Normalladeeinrichtung,2,AC Steckdose Typ 2,11,AC Steckdose Typ 2,11,,,,,
Allego GmbH,Nostitzstr. 36,10961 Berlin,"13,390284","52,489861",8/3/17,22,Normalladeeinrichtung,2,AC Steckdose Typ 2,11,AC Steckdose Typ 2,11,,,,,
innogy SE,Gabriele-Tergit-Promenade 1,10963 Berlin,"13,376504","52,508248",4/15/10,44,Normalladeeinrichtung,2,AC Steckdose Typ 2,22,AC Steckdose Typ 2,22,,,,,
Allego GmbH,Bernburger Str. 34,10963 Berlin,"13,380887","52,504762",11/28/15,22,Normalladeeinrichtung,2,AC Steckdose Typ 2,11,AC Steckdose Typ 2,11,,,,,
Allego GmbH,Wartenburgstr. 24,10963 Berlin,"13,383722","52,495127",10/10/15,22,Normalladeeinrichtung,2,AC Steckdose Typ 2,11,AC Steckdose Typ 2,11,,,,,
Allego GmbH,Möckernstr. 93,10963 Berlin,"13,379659","52,493218",12/16/17,22,Normalladeeinrichtung,2,AC Steckdose Typ 2,11,AC Steckdose Typ 2,11,,,,,
Allego GmbH,Schwiebusser Str. ggü. 46,10965 Berlin,"13,394098","52,485901",7/7/16,22,Normalladeeinrichtung,2,AC Steckdose Typ 2,11,AC Steckdose Typ 2,11,,,,,
Allego GmbH,Kreuzbergstr. 22,10965 Berlin,"13,381119","52,489843",2/23/16,22,Normalladeeinrichtung,2,AC Steckdose Typ 2,11,AC Steckdose Typ 2,11,,,,,
Allego GmbH,Schenkendorfstr. 8,10965 Berlin,"13,392945","52,489075",11/7/15,22,Normalladeeinrichtung,2,AC Steckdose Typ 2,11,AC Steckdose Typ 2,11,,,,,
Allego GmbH,Lenaustr. 1,10967 Berlin,"13,424433","52,489938",2/15/16,22,Normalladeeinrichtung,2,AC Steckdose Typ 2,11,AC Steckdose Typ 2,11,,,,,
Allego GmbH,Schönleinstr. ggü. 20,10967 Berlin,"13,419889","52,490197",11/20/15,22,Normalladeeinrichtung,2,AC Steckdose Typ 2,11,AC Steckdose Typ 2,11,,,,,
Allego GmbH,Grimmstr. 9,10967 Berlin,"13,413538","52,493476",12/22/15,22,Normalladeeinrichtung,2,AC Steckdose Typ 2,11,AC Steckdose Typ 2,11,,,,,
Allego GmbH,Markgrafenstr. 18,10969 Berlin,"13,394584","52,506311",7/5/16,22,Normalladeeinrichtung,2,AC Steckdose Typ 2,11,AC Steckdose Typ 2,11,,,,,
Allego GmbH,Lindenstr. 113,10969 Berlin,"13,394772","52,499942",4/8/16,22,Normalladeeinrichtung,2,AC Steckdose Typ 2,11,AC Steckdose Typ 2,11,,,,,
Allego GmbH,Prinzenstr. 97,10969 Berlin,"13,407904","52,50041",7/11/16,93,Schnellladeeinrichtung,2,"DC Kupplung Combo, DC CHAdeMO",50,AC Kupplung Typ 2,43,,,,,
Allego GmbH,Lindenstr. 113,10969 Berlin,"13,394782","52,499952",4/11/16,93,Schnellladeeinrichtung,2,"DC Kupplung Combo, DC CHAdeMO",50,AC Kupplung Typ 2,43,,,,,
Allego GmbH,Stallschreiberstr. 55,10969 Berlin,"13,409668","52,50427",1/28/16,22,Normalladeeinrichtung,2,AC Steckdose Typ 2,11,AC Steckdose Typ 2,11,,,,,
Allego GmbH,Wassertorstr. 53,10969 Berlin,"13,407592","52,500008",11/28/15,22,Normalladeeinrichtung,2,AC Steckdose Typ 2,11,AC Steckdose Typ 2,11,,,,,
Allego GmbH,Wrangelstr. 35,10997 Berlin,"13,437175","52,500491",12/5/15,22,Normalladeeinrichtung,2,AC Steckdose Typ 2,11,AC Steckdose Typ 2,11,,,,,
Allego GmbH,Eisenbahnstr. 39,10997 Berlin,"13,432597","52,502519",11/20/15,22,Normalladeeinrichtung,2,AC Steckdose Typ 2,11,AC Steckdose Typ 2,11,,,,,
Allego GmbH,Glogauer Str. 20,10999 Berlin,"13,436405","52,492326",7/5/16,22,Normalladeeinrichtung,2,AC Steckdose Typ 2,11,AC Steckdose Typ 2,11,,,,,
Allego GmbH,Reichenberger Str. 20,10999 Berlin,"13,419909","52,498568",12/22/15,22,Normalladeeinrichtung,2,AC Steckdose Typ 2,11,AC Steckdose Typ 2,11,,,,,
Allego GmbH,Lausitzer Str. 6,10999 Berlin,"13,408519","52,553752",11/20/15,22,Normalladeeinrichtung,2,AC Steckdose Typ 2,11,AC Steckdose Typ 2,11,,,,,
innogy SE,Karl-Marx-Straße 62,12043 Berlin,"13,432248","52,482664",9/28/12,44,Normalladeeinrichtung,2,AC Steckdose Typ 2,22,AC Steckdose Typ 2,22,,,,,
innogy SE,Treptower Straße 97,12043 Berlin,"13,447891","52,477748",5/23/12,44,Normalladeeinrichtung,2,AC Steckdose Typ 2,22,AC Steckdose Typ 2,22,,,,,
Allego GmbH,Karl-Marx-Str. ggü. 9,12043 Berlin,"13,425589","52,485678",10/13/15,22,Normalladeeinrichtung,2,AC Steckdose Typ 2,11,AC Steckdose Typ 2,11,,,,,
innogy SE,Wildenbruchplatz 1,12045 Berlin,"13,443611","52,483889",5/23/12,44,Normalladeeinrichtung,2,AC Steckdose Typ 2,22,AC Steckdose Typ 2,22,,,,,
Allego GmbH,Jansastr. 13,12045 Berlin,"13,433537","52,485832",10/10/15,22,Normalladeeinrichtung,2,AC Steckdose Typ 2,11,AC Steckdose Typ 2,11,,,,,
Allego GmbH,Wildenbruchstr. 89,12045 Berlin,"13,440846","52,482149",11/16/16,22,Normalladeeinrichtung,2,AC Steckdose Typ 2,11,AC Steckdose Typ 2,11,,,,,
Allego GmbH,Spremberger Str. 7,12047 Berlin,"13,423077","52,494063",11/20/15,22,Normalladeeinrichtung,2,AC Steckdose Typ 2,11,AC Steckdose Typ 2,11,,,,,
innogy SE,Hermannstraße 1,12049 Berlin,"13,424146","52,486057",3/14/12,44,Normalladeeinrichtung,2,AC Steckdose Typ 2,22,AC Steckdose Typ 2,22,,,,,
Allego GmbH,Emser Str. 39,12051 Berlin,"13,430205","52,468459",7/15/16,22,Normalladeeinrichtung,2,AC Steckdose Typ 2,11,AC Steckdose Typ 2,11,,,,,
Allego GmbH,Juliusstr. 36,12051 Berlin,"13,434451","52,463234",1/22/16,22,Normalladeeinrichtung,2,AC Steckdose Typ 2,11,AC Steckdose Typ 2,11,,,,,
Allego GmbH,Glasower Str. 68,12051 Berlin,"13,442555","52,464994",1/5/16,22,Normalladeeinrichtung,2,AC Steckdose Typ 2,11,AC Steckdose Typ 2,11,,,,,
innogy SE,Werbellinstraße 79,12053 Berlin,"13,427361","52,477649",9/28/12,44,Normalladeeinrichtung,2,AC Steckdose Typ 2,22,AC Steckdose Typ 2,22,,,,,
Allego GmbH,Werbellinstr. 8,12053 Berlin,"13,436308","52,478894",5/11/16,22,Normalladeeinrichtung,2,AC Steckdose Typ 2,11,AC Steckdose Typ 2,11,,,,,
Allego GmbH,Rollbergstr. 72,12053 Berlin,"13,426914","52,478351",8/18/16,22,Normalladeeinrichtung,2,AC Steckdose Typ 2,11,AC Steckdose Typ 2,11,,,,,
Allego GmbH,Reuterstr. 82,12053 Berlin,"13,428816","52,483452",8/18/16,22,Normalladeeinrichtung,2,AC Steckdose Typ 2,11,AC Steckdose Typ 2,11,,,,,
Allego GmbH,Leykestr. 18,12053 Berlin,"13,42787","52,474872",12/5/15,22,Normalladeeinrichtung,2,AC Steckdose Typ 2,11,AC Steckdose Typ 2,11,,,,,
innogy SE,Saalestraße ,12055 Berlin,"13,4435","52,469933",9/28/12,44,Normalladeeinrichtung,2,AC Steckdose Typ 2,22,AC Steckdose Typ 2,22,,,,,
Allego GmbH,Braunschweiger Str. ggü. 1,12055 Berlin,"13,454383","52,474377",12/22/15,22,Normalladeeinrichtung,2,AC Steckdose Typ 2,11,AC Steckdose Typ 2,11,,,,,
Allego GmbH,Planetenstr. 47,12057 Berlin,"13,467502","52,468649",8/17/16,22,Normalladeeinrichtung,2,AC Steckdose Typ 2,11,AC Steckdose Typ 2,11,,,,,
innogy SE,Sonnenallee 224,12059 Berlin,"13,45612","52,471539",3/16/12,44,Normalladeeinrichtung,2,AC Steckdose Typ 2,22,AC Steckdose Typ 2,22,,,,,
Allego GmbH,Treptower Straße 40,12059 Berlin,"13,456928","52,48485",2/6/18,11,Normalladeeinrichtung,1,AC Steckdose Typ 2,11,,,,,,,
innogy SE,Tempelhofer Damm 187,12099 Berlin,"13,384968","52,459663",12/14/11,44,Normalladeeinrichtung,2,AC Steckdose Typ 2,22,AC Steckdose Typ 2,22,,,,,
innogy SE,Tempelhofer Damm 2,12101 Berlin,"13,385943","52,483895",12/23/11,44,Normalladeeinrichtung,2,AC Steckdose Typ 2,22,AC Steckdose Typ 2,22,,,,,
Allego GmbH,Tempelhofer Damm 76,12101 Berlin,"13,385563","52,474948",3/8/16,22,Normalladeeinrichtung,2,AC Steckdose Typ 2,11,AC Steckdose Typ 2,11,,,,,
innogy SE,Alboinstraße 5,12103 Berlin,"13,371279","52,469452",12/14/11,44,Normalladeeinrichtung,2,AC Steckdose Typ 2,22,AC Steckdose Typ 2,22,,,,,
innogy SE,Alboinstraße 4,12103 Berlin,"13,37075","52,469208",5/22/14,44,Normalladeeinrichtung,2,AC Steckdose Typ 2,22,AC Steckdose Typ 2,22,,,,,
Allego GmbH,Friedrich-Karl-Str. 36,12103 Berlin,"13,37693","52,456396",3/9/16,22,Normalladeeinrichtung,2,AC Steckdose Typ 2,11,AC Steckdose Typ 2,11,,,,,
Allego GmbH,Friedrich-Karl-Str. 5,12103 Berlin,"13,382651","52,455871",1/11/16,22,Normalladeeinrichtung,2,AC Steckdose Typ 2,11,AC Steckdose Typ 2,11,,,,,
Allego GmbH,Ringbahnstr. 131,12103 Berlin,"13,375263","52,468616",3/19/18,22,Normalladeeinrichtung,2,AC Steckdose Typ 2,11,AC Steckdose Typ 2,11,,,,,
innogy SE,Alt-Mariendorf 37,12107 Berlin,"13,386994","52,44014",12/23/11,44,Normalladeeinrichtung,2,AC Steckdose Typ 2,22,AC Steckdose Typ 2,22,,,,,
Allego GmbH,Ullsteinstr. 141,12109 Berlin,"13,385035","52,452628",3/14/16,22,Normalladeeinrichtung,2,AC Steckdose Typ 2,11,AC Steckdose Typ 2,11,,,,,
APCOA PARKING Deutschland GmbH,Grunewaldstr.1-3,12154 Berlin,"13,3589564999999","52,4906821999999",12/1/16,11,Normalladeeinrichtung,2,AC Steckdose Typ 2,11,AC Steckdose Typ 2,11,,,,,
Allego GmbH,Perter-Vischer-Str. ggü 37,12157 Berlin,"13,347064","52,465066",6/22/16,22,Normalladeeinrichtung,2,AC Steckdose Typ 2,11,AC Steckdose Typ 2,11,,,,,
innogy SE,Bahnhofstraße 4,12159 Berlin,"13,3401","52,470125",5/23/12,44,Normalladeeinrichtung,2,AC Steckdose Typ 2,22,AC Steckdose Typ 2,22,,,,,
Allego GmbH,Hedwigstr. 1,12159 Berlin,"13,33612","52,471428",6/22/16,22,Normalladeeinrichtung,2,AC Steckdose Typ 2,11,AC Steckdose Typ 2,11,,,,,
Allego GmbH,Schmargendorfer Str. 6,12159 Berlin,"13,333625","52,471535",1/16/17,"3,7",Normalladeeinrichtung,1,AC Steckdose Typ 2,"3,7",,,,,,,
innogy SE,Südwestkorso 10,12161 Berlin,"13,323667","52,475155",5/23/12,44,Normalladeeinrichtung,2,AC Steckdose Typ 2,22,AC Steckdose Typ 2,22,,,,,
innogy SE,Friedrich-Wilhelm-Platz 7,12161 Berlin,"13,328003","52,471708",12/23/11,44,Normalladeeinrichtung,2,AC Steckdose Typ 2,22,AC Steckdose Typ 2,22,,,,,
Allego GmbH,Fröaufstr. 1,12161 Berlin,"13,327451","52,46713",1/16/17,"3,7",Normalladeeinrichtung,1,AC Steckdose Typ 2,"3,7",,,,,,,
Allego GmbH,Wiesbadener Str. 14a,12161 Berlin,"13,320837","52,47166",7/24/17,11,Normalladeeinrichtung,1,AC Steckdose Typ 2,11,,,,,,,
Allego GmbH,Schöneberger Str. 4,12163 Berlin,"13,330027","52,464278",11/7/15,22,Normalladeeinrichtung,2,AC Steckdose Typ 2,11,AC Steckdose Typ 2,11,,,,,
Allego GmbH,Lepsiusstr. 14,12163 Berlin,"13,321319","52,465119",1/29/18,22,Normalladeeinrichtung,2,AC Steckdose Typ 2,11,AC Steckdose Typ 2,11,,,,,
Allego GmbH,Hindenburgdamm 65 c/d,12165 Berlin,"13,315737","52,453059",11/7/15,22,Normalladeeinrichtung,2,AC Steckdose Typ 2,11,AC Steckdose Typ 2,11,,,,,
Allego GmbH,Bismarckstr. 36,12169 Berlin,"13,338099","52,451796",9/26/15,22,Normalladeeinrichtung,2,AC Steckdose Typ 2,11,AC Steckdose Typ 2,11,,,,,
Allego GmbH,Moltkestraße 51,12203 Berlin,"13,306709","52,446983",9/16/15,22,Normalladeeinrichtung,2,AC Steckdose Typ 2,11,AC Steckdose Typ 2,11,,,,,
Allego GmbH,Hindenburgdamm ggü. 96,12203 Berlin,"13,316541","52,440122",9/16/15,22,Normalladeeinrichtung,2,AC Steckdose Typ 2,11,AC Steckdose Typ 2,11,,,,,
Allego GmbH,Ahlener Weg 10,12207 Berlin,"13,305055","52,410062",3/27/18,11,Normalladeeinrichtung,1,AC Steckdose Typ 2,11,,,,,,,
Allego GmbH,Giesensdorfer Str,12207 Berlin,"13,313928","52,427438",1/30/18,22,Normalladeeinrichtung,2,AC Steckdose Typ 2,11,AC Steckdose Typ 2,11,,,,,
innogy SE,Gradestraße 100,12347 Berlin,"13,422523","52,452364",12/23/11,44,Normalladeeinrichtung,2,AC Steckdose Typ 2,22,AC Steckdose Typ 2,22,,,,,
Allego GmbH,Mohriner Allee 21B,12347 Berlin,"13,431949","52,443544",11/27/15,22,Normalladeeinrichtung,2,AC Steckdose Typ 2,11,AC Steckdose Typ 2,11,,,,,
innogy SE,Johannisthaler Chaussee 300,12351 Berlin,"13,455741","52,430558",9/26/12,44,Normalladeeinrichtung,2,AC Steckdose Typ 2,22,AC Steckdose Typ 2,22,,,,,
Allego GmbH,Johannisthaler Chaussee 335,12351 Berlin,"13,451926","52,428739",9/17/15,22,Normalladeeinrichtung,2,AC Steckdose Typ 2,11,AC Steckdose Typ 2,11,,,,,
innogy SE,Alt-Rudow 74,12355 Berlin,"13,496941","52,416522",12/23/11,44,Normalladeeinrichtung,2,AC Steckdose Typ 2,22,AC Steckdose Typ 2,22,,,,,
innogy SE,Möwenweg 42,12359 Berlin,"13,459449","52,440678",5/23/12,44,Normalladeeinrichtung,2,AC Steckdose Typ 2,22,AC Steckdose Typ 2,22,,,,,
Allego GmbH,Am Plänterwald 2,12435 Berlin,"13,475576","52,480171",6/13/16,22,Normalladeeinrichtung,2,AC Steckdose Typ 2,11,AC Steckdose Typ 2,11,,,,,
Allego GmbH,Kiefholzstr. 44,12435 Berlin,"13,455848","52,487552",11/6/17,11,Normalladeeinrichtung,1,AC Steckdose Typ 2,11,,,,,,,
Allego GmbH,Puschkinallee,12435 Berlin,"13,455807","52,493961",9/26/17,11,Normalladeeinrichtung,1,AC Steckdose Typ 2,11,,,,,,,
Allego GmbH,Glanzstr. 3,12437 Berlin,"13,490609","52,467513",6/13/16,22,Normalladeeinrichtung,2,AC Steckdose Typ 2,11,AC Steckdose Typ 2,11,,,,,
"Porsche Zentrum Berlin-Adlershof, Porsche Niederlassung Berlin GmbH",Hermann-Dorner-Allee 98,12487 Berlin,"13,5192243","52,427975",5/14/18,350,Schnellladeeinrichtung,1,DC Kupplung Combo,350,,,,,,,
"Porsche Zentrum Berlin-Adlershof, Porsche Niederlassung Berlin GmbH",Hermann-Dorner-Allee 98,12487 Berlin,"13,5192243","52,427975",5/14/18,350,Schnellladeeinrichtung,1,DC Kupplung Combo,350,,,,,,,
Allego GmbH,Abram-Joffe-Str. 18,12489 Berlin,"13,527693","52,432581",9/10/15,22,Normalladeeinrichtung,2,AC Steckdose Typ 2,11,AC Steckdose Typ 2,11,,,,,
Allego GmbH,Albert-Einstein-Straße 1,12489 Berlin,"13,537549","52,430703",7/4/17,22,Normalladeeinrichtung,2,AC Steckdose Typ 2,11,AC Steckdose Typ 2,11,,,,,
Allego GmbH,Albert-Einstein-Straße 1,12489 Berlin,"13,537549","52,430703",7/4/17,22,Normalladeeinrichtung,2,AC Steckdose Typ 2,11,AC Steckdose Typ 2,11,,,,,
Allego GmbH,Albert-Einstein-Straße 1,12489 Berlin,"13,537549","52,430703",7/4/17,22,Normalladeeinrichtung,2,AC Steckdose Typ 2,11,AC Steckdose Typ 2,11,,,,,
Allego GmbH,Albert-Einstein-Straße 1,12489 Berlin,"13,537549","52,430703",7/4/17,22,Normalladeeinrichtung,2,AC Steckdose Typ 2,11,AC Steckdose Typ 2,11,,,,,
Allego GmbH,Rudower Chaussee 25,12489 Berlin,"13,530916","52,429709",10/30/17,22,Normalladeeinrichtung,2,AC Steckdose Typ 2,11,AC Steckdose Typ 2,11,,,,,
Allego GmbH,Parrisiusstr. 22,12555 Berlin,"13,578466","52,457103",6/13/16,22,Normalladeeinrichtung,2,AC Steckdose Typ 2,11,AC Steckdose Typ 2,11,,,,,
Allego GmbH,Am Krusenick 1,12555 Berlin,"13,583481","52,45163",5/31/16,22,Normalladeeinrichtung,2,AC Steckdose Typ 2,11,AC Steckdose Typ 2,11,,,,,
APCOA PARKING Deutschland GmbH,Borgmannstr. 12,12555 Berlin-Köpenick,"13,4049539999999","52,520007",4/1/17,11,Normalladeeinrichtung,2,AC Steckdose Typ 2,11,AC Steckdose Typ 2,11,,,,,
innogy SE,Teterower Ring 43,12619 Berlin,"13,586226","52,521476",9/28/12,44,Normalladeeinrichtung,2,AC Steckdose Typ 2,22,AC Steckdose Typ 2,22,,,,,
innogy SE,Planitzstraße 1,12621 Berlin,"13,587696","52,510911",12/23/11,44,Normalladeeinrichtung,2,AC Steckdose Typ 2,22,AC Steckdose Typ 2,22,,,,,
innogy SE,Hönower Straße 89,12623 Berlin,"13,612144","52,51289",9/28/12,44,Normalladeeinrichtung,2,AC Steckdose Typ 2,22,AC Steckdose Typ 2,22,,,,,
innogy SE,Kastanienallee 1,12623 Berlin,"13,600983","52,47641",9/28/12,44,Normalladeeinrichtung,2,AC Steckdose Typ 2,22,AC Steckdose Typ 2,22,,,,,
innogy SE,Marzahner Promenade 8,12679 Berlin,"13,543413","52,542246",5/23/12,44,Normalladeeinrichtung,2,AC Steckdose Typ 2,22,AC Steckdose Typ 2,22,,,,,
Allego GmbH,Bitterfelder Str. 12,12681 Berlin,"13,543103","52,553598",10/19/16,"3,7",Normalladeeinrichtung,1,AC Steckdose Typ 2,"3,7",,,,,,,
innogy SE,Kulmseestraße 4,12683 Berlin,"13,554232","52,51371",12/23/11,44,Normalladeeinrichtung,2,AC Steckdose Typ 2,22,AC Steckdose Typ 2,22,,,,,
Allego GmbH,Hanoier Str. 10,12683 Berlin,"13,555783","52,50715",9/29/17,22,Normalladeeinrichtung,2,AC Steckdose Typ 2,11,AC Steckdose Typ 2,11,,,,,
innogy SE,Hasenholzer Allee 2,12685 Berlin,"13,574313","52,540594",12/23/11,44,Normalladeeinrichtung,2,AC Steckdose Typ 2,22,AC Steckdose Typ 2,22,,,,,
Allego GmbH,Krummenseer Str. 2,12685 Berlin,"13,570834","52,541945",12/18/17,11,Normalladeeinrichtung,1,AC Steckdose Typ 2,11,,,,,,,
Allego GmbH,Max-Hermann-Str,12687 Berlin,"13,566658","52,555434",7/6/16,22,Normalladeeinrichtung,2,AC Steckdose Typ 2,11,AC Steckdose Typ 2,11,,,,,
innogy SE,Havemannstraße 4,12689 Berlin,"13,566698","52,570076",5/23/12,44,Normalladeeinrichtung,2,AC Steckdose Typ 2,22,AC Steckdose Typ 2,22,,,,,
innogy SE,Marzahner Str. 24,13053 Berlin,"13,519722","52,544444",9/28/11,44,Normalladeeinrichtung,2,AC Steckdose Typ 2,22,AC Steckdose Typ 2,22,,,,,
innogy SE,Große-Leege-Str. 115,13055 Berlin,"13,501168","52,548381",9/29/11,44,Normalladeeinrichtung,2,AC Steckdose Typ 2,22,AC Steckdose Typ 2,22,,,,,
Allego GmbH,Bahnhofstr. ggü. 6,13055 Berlin,"13,498685","52,544716",12/23/15,22,Normalladeeinrichtung,2,"AC Steckdose Typ 2, AC Schuko",11,AC Steckdose Typ 2,11,,,,,
Allego GmbH,Arendsweg 19,13055 Berlin,"13,505635","52,537276",5/15/17,11,Normalladeeinrichtung,1,AC Steckdose Typ 2,11,,,,,,,
Allego GmbH,Brauhausstraße 4,13086 Berlin,"13,431897","52,555641",2/6/18,22,Normalladeeinrichtung,2,AC Steckdose Typ 2,11,AC Steckdose Typ 2,11,,,,,
Allego GmbH,Herbert-Baum-Str. 4,13088 Berlin,"13,455833","52,548972",11/28/15,22,Normalladeeinrichtung,2,AC Steckdose Typ 2,11,AC Steckdose Typ 2,11,,,,,
Allego GmbH,Waldstr. 1 REWE,13156 Berlin,"13,400588","52,580718",1/26/17,22,Normalladeeinrichtung,2,AC Steckdose Typ 2,22,AC Steckdose Typ 2,22,,,,,
Allego GmbH,Nordendstr. 66c,13156 Berlin,"13,394456","52,58981",12/16/17,11,Normalladeeinrichtung,1,AC Steckdose Typ 2,11,,,,,,,
Allego GmbH,Siegfriedstr. 12,13156 Berlin,"13,411936","52,581369",8/29/17,22,Normalladeeinrichtung,2,AC Steckdose Typ 2,11,AC Steckdose Typ 2,11,,,,,
Allego GmbH,Mühlenstr. 17,13187 Berlin,"13,405779","52,56623",11/28/15,22,Normalladeeinrichtung,2,AC Steckdose Typ 2,11,AC Steckdose Typ 2,11,,,,,
Allego GmbH,Brennerstr. 90,13187 Berlin,"13,412595","52,558692",11/21/15,22,Normalladeeinrichtung,2,AC Steckdose Typ 2,11,AC Steckdose Typ 2,11,,,,,
Allego GmbH,Kissingenstr. 26,13189 Berlin,"13,425986","52,567806",12/23/15,22,Normalladeeinrichtung,2,AC Steckdose Typ 2,11,AC Steckdose Typ 2,11,,,,,
Allego GmbH,Schulzendorfer Str. 26,13347 Berlin,"13,371425","52,540164",12/12/16,22,Normalladeeinrichtung,2,AC Steckdose Typ 2,11,AC Steckdose Typ 2,11,,,,,
Allego GmbH,Plantagenstr. 43,13347 Berlin,"13,369095","52,546207",12/14/16,22,Normalladeeinrichtung,2,AC Steckdose Typ 2,11,AC Steckdose Typ 2,11,,,,,
Allego GmbH,Groninger Str. 39,13347 Berlin,"13,361305","52,554946",3/10/17,22,Normalladeeinrichtung,2,AC Steckdose Typ 2,11,AC Steckdose Typ 2,11,,,,,
Allego GmbH,Lüderitzstr. 76,13351 Berlin,"13,340873","52,554993",12/14/16,22,Normalladeeinrichtung,2,AC Steckdose Typ 2,11,AC Steckdose Typ 2,11,,,,,
Allego GmbH,Genter Str. 45,13353 Berlin,"13,354084","52,547089",12/15/16,22,Normalladeeinrichtung,2,AC Steckdose Typ 2,11,AC Steckdose Typ 2,11,,,,,
Allego GmbH,Amrumerstr.,13353 Berlin,"13,347789","52,543269",2/8/18,11,Normalladeeinrichtung,1,AC Steckdose Typ 2,11,,,,,,,
Allego GmbH,Nordufer 6,13353 Berlin,"13,356203","52,539392",12/5/17,22,Normalladeeinrichtung,2,AC Steckdose Typ 2,11,AC Steckdose Typ 2,11,,,,,
Allego GmbH,Seestr.18,13353 Berlin,"13,345153","52,546602",2/8/18,11,Normalladeeinrichtung,1,AC Steckdose Typ 2,11,,,,,,,
Allego GmbH,Rügener Str. 26,13355 Berlin,"13,391727","52,545027",12/15/16,22,Normalladeeinrichtung,2,AC Steckdose Typ 2,11,AC Steckdose Typ 2,11,,,,,
Allego GmbH,Hussitenstr. 76,13355 Berlin,"13,390538","52,536447",12/15/16,22,Normalladeeinrichtung,2,AC Steckdose Typ 2,11,AC Steckdose Typ 2,11,,,,,
Allego GmbH,Steegerstr. 14,13359 Berlin,"13,394848","52,561813",11/13/17,22,Normalladeeinrichtung,2,AC Steckdose Typ 2,11,AC Steckdose Typ 2,11,,,,,
Allego GmbH,Blankestr. 19,13403 Berlin,"13,329722","52,563734",10/19/16,"3,7",Normalladeeinrichtung,1,AC Steckdose Typ 2,"3,7",,,,,,,
Lidl Dienstleistungs GmbH & Co. KG,Quickborner Straße 66-70,13439 Berlin-Reinickendorf,"13,368","52,604",9/22/16,50,Schnellladeeinrichtung,2,AC Kupplung Typ 2,43,"DC Kupplung Combo, DC CHAdeMO",50,,,,,
Allego GmbH,Zingster Str. 30,13501 Berlin,"13,498827","52,569229",7/24/17,11,Normalladeeinrichtung,1,AC Steckdose Typ 2,11,,,,,,,
Allego GmbH,Am Tegeler Hafen 3,13507 Berlin,"13,28121","52,590506",3/14/16,22,Normalladeeinrichtung,2,AC Steckdose Typ 2,11,AC Steckdose Typ 2,11,,,,,
innogy SE,Brunsbütteler Damm 4,13581 Berlin,"13,196889","52,533331",9/28/12,44,Normalladeeinrichtung,2,AC Steckdose Typ 2,22,AC Steckdose Typ 2,22,,,,,
innogy SE,Brunsbütteler Damm 153,13581 Berlin,"13,174442","52,533653",9/26/11,44,Normalladeeinrichtung,2,AC Steckdose Typ 2,22,AC Steckdose Typ 2,22,,,,,
Allego GmbH,Wilhelmshavener Str. 27,13581 Berlin,"13,195482","52,533272",9/11/15,22,Normalladeeinrichtung,2,AC Steckdose Typ 2,11,AC Steckdose Typ 2,11,,,,,
innogy SE,Falkenseer Chaussee 259,13583 Berlin,"13,18358","52,54761",9/26/11,44,Normalladeeinrichtung,2,AC Steckdose Typ 2,22,AC Steckdose Typ 2,22,,,,,
innogy SE,Hohenzollernring 117,13585 Berlin,"13,198333","52,555667",9/27/11,44,Normalladeeinrichtung,2,AC Steckdose Typ 2,22,AC Steckdose Typ 2,22,,,,,
innogy SE,Hugo-Cassirer-Straße 35,13587 Berlin,"13,218403","52,557914",9/27/11,44,Normalladeeinrichtung,2,AC Steckdose Typ 2,22,AC Steckdose Typ 2,22,,,,,
Allego GmbH,Schulstr. 1,13591 Berlin,"13,13987","52,529385",5/22/17,11,Normalladeeinrichtung,1,AC Steckdose Typ 2,11,,,,,,,
Allego GmbH,Sandstr. 60,13593 Berlin,"13,16963","52,518224",12/5/17,22,Normalladeeinrichtung,2,AC Steckdose Typ 2,11,AC Steckdose Typ 2,11,,,,,
innogy SE,Am Juliusturm 106,13597 Berlin,"13,205778","52,539603",9/28/12,44,Normalladeeinrichtung,2,AC Steckdose Typ 2,22,AC Steckdose Typ 2,22,,,,,
innogy SE,Charlottenburger Chaussee 75,13597 Berlin,"13,228676","52,528196",9/28/11,44,Normalladeeinrichtung,2,AC Steckdose Typ 2,22,AC Steckdose Typ 2,22,,,,,
innogy SE,Ruhlebener Str. 161,13597 Berlin,"13,216901","52,526615",9/27/11,44,Normalladeeinrichtung,2,AC Steckdose Typ 2,22,AC Steckdose Typ 2,22,,,,,
Allego GmbH,Schürstr. 17,13597 Berlin,"13,207808","52,532922",10/30/17,22,Normalladeeinrichtung,2,AC Steckdose Typ 2,11,AC Steckdose Typ 2,11,,,,,
innogy SE,Zitadellenweg 34,13599 Berlin,"13,217505","52,538151",9/26/11,44,Normalladeeinrichtung,2,AC Steckdose Typ 2,22,AC Steckdose Typ 2,22,,,,,
Allego GmbH,Gartenfelder Str. 104,13599 Berlin,"13,238754","52,542808",12/5/17,22,Normalladeeinrichtung,2,AC Steckdose Typ 2,11,AC Steckdose Typ 2,11,,,,,
Allego GmbH,Reichweindamm 6,13627 Berlin,"13,300126","52,535549",3/30/17,22,Normalladeeinrichtung,2,AC Steckdose Typ 2,11,AC Steckdose Typ 2,11,,,,,
innogy SE,Nonnendammallee 101,13629 Berlin,"13,264151","52,536687",9/28/11,44,Normalladeeinrichtung,2,AC Steckdose Typ 2,22,AC Steckdose Typ 2,22,,,,,
Nefzger GmbH & Co. KG,Nonnendamm 62-64,13629 Berlin,"13,283509","52,531038",8/10/18,22,Normalladeeinrichtung,2,AC Steckdose Typ 2,11,AC Steckdose Typ 2,11,,,,,
innogy SE,Steubenplatz 2-4,14050 Berlin,"13,260862","52,516448",6/12/09,44,Normalladeeinrichtung,2,AC Steckdose Typ 2,22,AC Steckdose Typ 2,22,,,,,
Allego GmbH,Reichstr. 13,14050 Berlin,"13,266231","52,513246",8/17/16,22,Normalladeeinrichtung,2,AC Steckdose Typ 2,11,AC Steckdose Typ 2,11,,,,,
Allego GmbH,Eschenallee 1,14050 Berlin,"13,269472","52,519745",1/5/16,22,Normalladeeinrichtung,2,AC Steckdose Typ 2,11,AC Steckdose Typ 2,11,,,,,
innogy SE,Theodor-Heuss-Platz 5,14052 Berlin,"13,272761","52,508782",6/12/09,44,Normalladeeinrichtung,2,AC Steckdose Typ 2,22,AC Steckdose Typ 2,22,,,,,
innogy SE,Heerstraße 35,14055 Berlin,"13,260589","52,508433",9/23/14,44,Normalladeeinrichtung,2,AC Steckdose Typ 2,22,AC Steckdose Typ 2,22,,,,,
Allego GmbH,Herbartstr. 15,14057 Berlin,"13,285287","52,507096",11/13/15,22,Normalladeeinrichtung,2,AC Steckdose Typ 2,11,AC Steckdose Typ 2,11,,,,,
innogy SE,Schloßstraße 1 a,14059 Berlin,"13,295717","52,518917",5/20/09,44,Normalladeeinrichtung,2,AC Steckdose Typ 2,22,AC Steckdose Typ 2,22,,,,,
Allego GmbH,Knobelsdorffstr. 53,14059 Berlin,"13,288812","52,513068",1/5/16,22,Normalladeeinrichtung,2,AC Steckdose Typ 2,11,AC Steckdose Typ 2,11,,,,,
Allego GmbH,Sophie-Charlottenstr. 105D,14059 Berlin,"13,286601","52,519445",11/13/15,22,Normalladeeinrichtung,2,AC Steckdose Typ 2,11,AC Steckdose Typ 2,11,,,,,
Allego GmbH,Nehringstr. 4,14059 Berlin,"13,293968","52,51649",12/12/16,22,Normalladeeinrichtung,2,AC Steckdose Typ 2,11,AC Steckdose Typ 2,11,,,,,
Allego GmbH,Königin-Elisabeth-Str.,14059 Berlin,"13,281518","52,513191",5/24/17,22,Normalladeeinrichtung,2,AC Steckdose Typ 2,11,AC Steckdose Typ 2,11,,,,,
Autobahn Tank & Rast GmbH ,Grunewald West,14129 Berlin,"13,191749","52,434341",1/8/16,100,Schnellladeeinrichtung,2,"DC Kupplung Combo, DC CHAdeMO",50,AC Kupplung Typ 2,42,,,,,
Allego GmbH,Argentinische Allee ,14163 Berlin,"13,239799","52,442567",10/25/17,22,Normalladeeinrichtung,2,AC Steckdose Typ 2,11,AC Steckdose Typ 2,11,,,,,
Allego GmbH,Clayallee 326,14169 Berlin,"13,262563","52,438486",7/31/15,22,Normalladeeinrichtung,2,AC Steckdose Typ 2,11,AC Steckdose Typ 2,11,,,,,
Allego GmbH,Königin-Luise-Str. 40,14195 Berlin,"13,291687","52,457986",7/9/16,22,Normalladeeinrichtung,2,AC Steckdose Typ 2,11,AC Steckdose Typ 2,11,,,,,
Allego GmbH,Schlangenbader Str. ggü. 26,14197 Berlin,"13,308104","52,472172",11/13/15,22,Normalladeeinrichtung,2,AC Steckdose Typ 2,11,AC Steckdose Typ 2,11,,,,,
Allego GmbH,Bundesallee 62,14197 Berlin,"13,328323","52,477016",5/22/17,11,Normalladeeinrichtung,1,AC Steckdose Typ 2,11,,,,,,,
innogy SE,Fritz-Wildung-Straße 26,14199 Berlin,"13,296678","52,48375",6/12/09,44,Normalladeeinrichtung,2,AC Steckdose Typ 2,22,AC Steckdose Typ 2,22,,,,,
Allego GmbH,Hohenzollerndamm 110A,14199 Berlin,"13,282364","52,477634",7/5/17,22,Normalladeeinrichtung,2,AC Steckdose Typ 2,11,AC Steckdose Typ 2,11,,,,,
Allego GmbH,Hohenzollerndamm 137,14199 Berlin,"13,294078","52,484282",7/5/17,22,Normalladeeinrichtung,2,AC Steckdose Typ 2,11,AC Steckdose Typ 2,11,,,,,
E.DIS AG,Eisenbahnstr. (S-Bhf.),15366 Neuenhagen bei Berlin,"13,699587","52,520903",11/10/17,44,Normalladeeinrichtung,2,AC Steckdose Typ 2,22,AC Steckdose Typ 2,22,,,,,